scenario,population,total_land_sold,treasury_revenue,hum_velocity,gini_land,pct_zero_land,median_land,top_1pct_land,top_5pct_land,top_10pct_land,social_can_build_pct,casual_can_build_pct
"Model A - Fixed Supply (2M), Fixed Price",100000,227114,2274342.2,1071510.0,0.6877,39.26,1.0,8.53,31.02,48.81,,
"Model B - Fixed Supply (2M), Cap 5, Bonding",100000,152959,1723830.33,1065125.0,0.6289,45.25,1.0,3.27,16.34,32.69,,
"Model C - Ratio Supply (0.5), Cap 10, Bonding",100000,45358,739532.65,1061804.0,0.7961,72.19,0.0,9.5,35.66,57.7,,
"Sensitivity - Ratio 1.5, Cap 10, Bonding",100000,131988,2223480.23,1058969.0,0.7274,53.35,0.0,7.58,32.2,50.81,,
"Sensitivity - Ratio 2.0, Cap 10, Bonding",100000,172918,2896874.56,1059578.0,0.693,45.92,1.0,5.78,28.92,48.69,,
30-Day Economy - New Casual Building Affordability,100000,87580,1503795.25,1317811.0,0.7604,62.3,0.0,9.14,33.42,52.86,99.05,0.0
"Sensitivity - Ratio 0.25, Cap 10, Bonding",100000,22703,344804.88,1063848.0,0.848,81.9,0.0,10.82,42.28,64.3,,
"Sensitivity - Ratio 1.0, Cap 10, Bonding",100000,89559,1502172.17,1060172.0,0.7534,61.21,0.0,8.94,32.8,51.94,,
"WLD Volatility - Ratio 0.5, Cap 10 (High Volatility)",100000,45358,739532.65,1061804.0,0.7961,72.19,0.0,9.5,35.66,57.7,,
Whale Stress Test - 5% Whales,100000,46060,727474.16,1023169.0,0.7992,72.54,0.0,8.78,35.92,57.94,,
Inactivity Stress Test - 50% Inactive,100000,21931,370072.61,533359.0,0.9036,86.8,0.0,17.63,59.76,85.41,,
Faucet/Sink - +100% Faucet,100000,45359,739532.65,2130632.0,0.7961,72.18,0.0,9.5,35.66,57.7,,
HUM Variants - WLD Only (No HUM Sink),100000,48731,733776.02,1071775.0,0.7737,69.31,0.0,8.83,33.44,53.97,,
"Model A - Fixed Supply (2M), Fixed Price",500000,1130098,11316974.8,5330135.0,0.6887,39.42,1.0,8.57,31.14,48.97,,
"Model B - Fixed Supply (2M), Cap 5, Bonding",500000,731174,10048793.7,5302193.0,0.6292,45.33,1.0,3.42,17.1,34.19,,
"Model C - Ratio Supply (0.5), Cap 10, Bonding",500000,226561,3700140.73,5292139.0,0.7974,72.33,0.0,9.53,35.83,57.9,,
"Sensitivity - Ratio 1.5, Cap 10, Bonding",500000,659866,11120792.66,5279319.0,0.728,53.35,0.0,7.58,32.27,50.97,,
"Sensitivity - Ratio 2.0, Cap 10, Bonding",500000,863943,14481289.77,5275000.0,0.6931,45.89,1.0,5.79,28.94,48.81,,
30-Day Economy - New Casual Building Affordability,500000,437909,7524552.33,6567667.0,0.7604,62.23,0.0,9.2,33.48,52.96,99.17,0.0
"Sensitivity - Ratio 0.25, Cap 10, Bonding",500000,113826,1727540.18,5302045.0,0.8484,81.91,0.0,10.88,42.5,64.46,,
"Sensitivity - Ratio 1.0, Cap 10, Bonding",500000,447523,7516407.18,5283220.0,0.7535,61.15,0.0,9.02,32.88,52.06,,
"WLD Volatility - Ratio 0.5, Cap 10 (High Volatility)",500000,226561,3700140.73,5292139.0,0.7974,72.33,0.0,9.53,35.83,57.9,,
Whale Stress Test - 5% Whales,500000,230101,3641985.47,5092656.0,0.8,72.62,0.0,8.79,35.97,58.12,,
Inactivity Stress Test - 50% Inactive,500000,110229,1860007.25,2641366.0,0.9025,86.67,0.0,17.47,59.32,84.89,,
Faucet/Sink - +100% Faucet,500000,226478,3700137.49,10621152.0,0.7977,72.36,0.0,9.53,35.89,57.97,,
HUM Variants - WLD Only (No HUM Sink),500000,243699,3670636.85,5327870.0,0.7737,69.34,0.0,8.84,33.33,53.84,,
"Model A - Fixed Supply (2M), Fixed Price",1000000,2000000,20031837.2,10680450.0,0.6925,42.12,1.0,8.36,30.41,48.2,,
"Model B - Fixed Supply (2M), Cap 5, Bonding",1000000,1392498,23450664.21,10622833.0,0.6283,45.13,1.0,3.59,17.95,35.91,,
"Model C - Ratio Supply (0.5), Cap 10, Bonding",1000000,453096,7402612.35,10605388.0,0.7972,72.32,0.0,9.55,35.77,57.84,,
"Sensitivity - Ratio 1.5, Cap 10, Bonding",1000000,1320614,22254194.41,10574121.0,0.7277,53.33,0.0,7.57,32.23,50.91,,
"Sensitivity - Ratio 2.0, Cap 10, Bonding",1000000,1726658,28949386.43,10567694.0,0.6932,45.94,1.0,5.79,28.96,48.8,,
30-Day Economy - New Casual Building Affordability,1000000,875709,15059818.32,13143269.0,0.7602,62.21,0.0,9.18,33.4,52.9,99.01,0.0
"Sensitivity - Ratio 0.25, Cap 10, Bonding",1000000,227416,3454390.86,10629926.0,0.8479,81.87,0.0,10.84,42.29,64.27,,
"Sensitivity - Ratio 1.0, Cap 10, Bonding",1000000,894849,15043516.68,10574271.0,0.7533,61.14,0.0,9.0,32.81,52.0,,
"WLD Volatility - Ratio 0.5, Cap 10 (High Volatility)",1000000,453096,7402612.35,10605388.0,0.7972,72.32,0.0,9.55,35.77,57.84,,
Whale Stress Test - 5% Whales,1000000,460309,7279616.19,10183023.0,0.799,72.52,0.0,8.79,35.91,57.91,,
Inactivity Stress Test - 50% Inactive,1000000,220244,3714872.96,5323099.0,0.9024,86.67,0.0,17.48,59.3,84.87,,
Faucet/Sink - +100% Faucet,1000000,453332,7402642.28,21281594.0,0.797,72.29,0.0,9.54,35.73,57.79,,
HUM Variants - WLD Only (No HUM Sink),1000000,487455,7341883.15,10675975.0,0.773,69.27,0.0,8.84,33.2,53.72,,
"Model A - Fixed Supply (2M), Fixed Price",5000000,2000000,20092879.4,53383935.0,0.7925,72.9,0.0,9.06,34.01,57.25,,
"Model B - Fixed Supply (2M), Cap 5, Bonding",5000000,1992606,37261618.71,53211006.0,0.8055,74.11,0.0,10.13,35.81,60.14,,
"Model C - Ratio Supply (0.5), Cap 10, Bonding",5000000,2266428,37004154.72,53023366.0,0.797,72.31,0.0,9.5,35.72,57.78,,
"Sensitivity - Ratio 1.5, Cap 10, Bonding",5000000,6600732,111239521.97,52859322.0,0.728,53.37,0.0,7.57,32.24,50.95,,
"Sensitivity - Ratio 2.0, Cap 10, Bonding",5000000,8637681,144724805.44,52850056.0,0.6933,45.93,1.0,5.79,28.94,48.8,,
30-Day Economy - New Casual Building Affordability,5000000,4378074,75261688.71,65767746.0,0.7603,62.21,0.0,9.18,33.41,52.93,99.08,0.0
"Sensitivity - Ratio 0.25, Cap 10, Bonding",5000000,1137005,17270900.99,53141372.0,0.8479,81.88,0.0,10.82,42.31,64.3,,
"Sensitivity - Ratio 1.0, Cap 10, Bonding",5000000,4473330,75180202.25,52907768.0,0.7535,61.16,0.0,8.99,32.81,52.03,,
"WLD Volatility - Ratio 0.5, Cap 10 (High Volatility)",5000000,2266428,37004154.72,53023366.0,0.797,72.31,0.0,9.5,35.72,57.78,,
Whale Stress Test - 5% Whales,5000000,2300929,36407390.94,50972816.0,0.7996,72.57,0.0,8.8,35.98,58.02,,
Inactivity Stress Test - 50% Inactive,5000000,1100318,18560767.35,26597160.0,0.9023,86.66,0.0,17.44,59.28,84.82,,
Faucet/Sink - +100% Faucet,5000000,2266487,37004150.18,106418484.0,0.7971,72.31,0.0,9.51,35.72,57.78,,
HUM Variants - WLD Only (No HUM Sink),5000000,2437116,36705682.7,53390655.0,0.7734,69.31,0.0,8.83,33.25,53.77,,
